"PKNCA","PPTESTCD","PPTEST","input_names","FUN","description","is_cdisc_sure","unit_type","TYPE","CAT","Depends","can_excretion","can_non_excretion","can_single_dose","can_multiple_dose","can_extravascular"
"adj.r.squared","R2ADJ","R Squared Adjusted","R2ADJ: R Squared Adjusted","","The adjusted r^2 value of the half-life calculation",TRUE,"unitless","Standard","Half-life","half.life",TRUE,TRUE,TRUE,TRUE,TRUE
"ae","RCAMINT","Amt Rec from T1 to T2","RCAMINT: Amt Rec from T1 to T2","pk.calc.ae","The amount excreted (typically into urine or feces)",TRUE,"amount","Urine","Excretion","",TRUE,FALSE,TRUE,TRUE,FALSE
"aucabove.predose.all","AUCABVPA","AUC above predose","AUCABVPA: AUC above predose","pk.calc.aucabove","The area under the concentration time the beginning of the interval to the last concentration above the limit of quantification plus the triangle from that last concentration to 0 at the first concentration below the limit of quantification, with a concentration subtracted from all concentrations and values below zero after subtraction set to zero",FALSE,"auc","Standard","Exposure","cstart",FALSE,TRUE,TRUE,TRUE,TRUE
"aucabove.trough.all","AUCABVTA","AUC above through","AUCABVTA: AUC above through","pk.calc.aucabove","The area under the concentration time the beginning of the interval to the last concentration above the limit of quantification plus the triangle from that last concentration to 0 at the first concentration below the limit of quantification, with a concentration subtracted from all concentrations and values below zero after subtraction set to zero",FALSE,"auc","Standard","Exposure","ctrough",FALSE,TRUE,FALSE,TRUE,TRUE
"aucall","AUCALL","AUC All","AUCALL: AUC All","pk.calc.auc.all","The area under the concentration time curve from the beginning of the interval to the last concentration above the limit of quantification plus the triangle from that last concentration to 0 at the first concentration below the limit of quantification",TRUE,"auc","Standard","Exposure","",FALSE,TRUE,TRUE,TRUE,TRUE
"aucall.dn","AUCALLD","AUC All Norm by Dose","AUCALLD: AUC All Norm by Dose","pk.calc.dn","Dose normalized aucall",TRUE,"auc_dosenorm","Standard","Exposure","aucall",FALSE,TRUE,TRUE,TRUE,TRUE
"aucinf.obs","AUCIFO","AUC Infinity Obs","AUCIFO: AUC Infinity Obs","pk.calc.dn","The area under the concentration time curve from the beginning of the interval to infinity with extrapolation to infinity from the observed Clast",TRUE,"auc","Standard","Exposure","lambda.z, clast.obs",FALSE,TRUE,TRUE,FALSE,TRUE
"aucinf.obs.dn","AUCIFOD","AUC Infinity Obs Norm by Dose","AUCIFOD: AUC Infinity Obs Norm by Dose","pk.calc.dn","Dose normalized aucinf.obs",TRUE,"auc_dosenorm","Standard","Exposure","aucinf.obs",FALSE,TRUE,TRUE,FALSE,TRUE
"aucinf.pred","AUCIFP","AUC Infinity Pred","AUCIFP: AUC Infinity Pred","pk.calc.auc.inf.pred","The area under the concentration time curve from the beginning of the interval to infinity with extrapolation to infinity from the predicted Clast",TRUE,"auc","Standard","Exposure","lambda.z, clast.pred",FALSE,TRUE,TRUE,FALSE,TRUE
"aucinf.pred.dn","AUCIFPD","AUC Infinity Pred Norm by Dose","AUCIFPD: AUC Infinity Pred Norm by Dose","pk.calc.dn","Dose normalized aucinf.pred",TRUE,"auc_dosenorm","Standard","Exposure","aucinf.pred",FALSE,TRUE,TRUE,FALSE,TRUE
"aucint.all","AUCINTA","AUCint (based on AUCall extrapolation)","AUCINTA: AUCint (based on AUCall extrapolation)","pk.calc.aucint.all","The area under the concentration time curve in the interval extrapolating from Tlast to infinity with the triangle from Tlast to the next point and zero thereafter (matching AUCall)",FALSE,"auc","Standard","Exposure","",FALSE,TRUE,TRUE,FALSE,TRUE
"aucint.all.dose","AUCINTAD","AUCint (based on AUCall extrapolation, dose-aware)","AUCINTAD: AUCint (based on AUCall extrapolation, dose-aware)","pk.calc.aucint.all","The area under the concentration time curve in the interval extrapolating from Tlast to infinity with the triangle from Tlast to the next point and zero thereafter (matching AUCall) with dose-aware interpolation/extrapolation of concentrations",FALSE,"auc","Standard","Exposure","",FALSE,TRUE,TRUE,FALSE,TRUE
"aucint.inf.obs","AUCINTIS","AUCint (based on AUCinf,obs extrapolation)","AUCINTIS: AUCint (based on AUCinf,obs extrapolation)","pk.calc.aucint.inf.obs","The area under the concentration time curve in the interval extrapolating from Tlast to infinity with zeros (matching AUClast)",FALSE,"auc","Standard","Exposure","lambda.z, clast.obs",FALSE,TRUE,TRUE,FALSE,TRUE
"aucint.inf.obs.dose","AUCINTID","AUCint (based on AUCinf,obs extrapolation, dose-aware)","AUCINTID: AUCint (based on AUCinf,obs extrapolation, dose-aware)","pk.calc.aucint.inf.obs","The area under the concentration time curve in the interval extrapolating from Tlast to infinity with zeros (matching AUClast) with dose-aware interpolation/extrapolation of concentrations",FALSE,"auc","Standard","Exposure","lambda.z, clast.obs",FALSE,TRUE,TRUE,FALSE,TRUE
"aucint.inf.pred","AUCINTIP","AUCint (based on AUCinf,pred extrapolation)","AUCINTIP: AUCint (based on AUCinf,pred extrapolation)","pk.calc.aucint.inf.pred","The area under the concentration time curve in the interval extrapolating from Tlast to infinity with the triangle from Tlast to the next point and zero thereafter (matching AUCall)",FALSE,"auc","Standard","Exposure","lambda.z, clast.pred",FALSE,TRUE,TRUE,FALSE,TRUE
"aucint.inf.pred.dose","AUCINTPD","AUCint (based on AUCinf,pred extrapolation, dose-aware)","AUCINTPD: AUCint (based on AUCinf,pred extrapolation, dose-aware)","pk.calc.aucint.inf.pred","The area under the concentration time curve in the interval extrapolating from Tlast to infinity with the triangle from Tlast to the next point and zero thereafter (matching AUCall) with dose-aware interpolation/extrapolation of concentrations",FALSE,"auc","Standard","Exposure","lambda.z, clast.pred",FALSE,TRUE,TRUE,FALSE,TRUE
"aucint.last","AUCINT","AUC from T1 to T2","AUCINT: AUC from T1 to T2","pk.calc.aucint.last","The area under the concentration time curve in the interval extrapolating from Tlast to infinity with zeros (matching AUClast)",TRUE,"auc","Standard","Exposure","",FALSE,TRUE,TRUE,TRUE,TRUE
"aucint.last.dose","AUCINTD","AUC from T1 to T2 Normalized by Dose","AUCINTD: AUC from T1 to T2 Normalized by Dose","pk.calc.aucint.last","The area under the concentration time curve in the interval extrapolating from Tlast to infinity with zeros (matching AUClast) with dose-aware interpolation/extrapolation of concentrations",TRUE,"auc","Standard","Exposure","",FALSE,TRUE,TRUE,TRUE,TRUE
"aucivall","AUCIVA","AUCall (IV dosing)","AUCIVA: AUCall (IV dosing)","pk.calc.auciv","The AUCall calculated with back-extrapolation for intravenous dosing using extrapolated C0",FALSE,"auc","IV","Exposure","aucall, c0",FALSE,TRUE,TRUE,FALSE,FALSE
"aucivinf.obs","AUCIVIS","AUCinf,obs (IV dosing)","AUCIVIS: AUCinf,obs (IV dosing)","pk.calc.auciv","The AUCinf,obs calculated with back-extrapolation for intravenous dosing using extrapolated C0",FALSE,"auc","IV","Exposure","aucinf.obs, c0",FALSE,TRUE,TRUE,FALSE,FALSE
"aucivinf.pred","AUCIVIP","AUCinf,pred (IV dosing)","AUCIVIP: AUCinf,pred (IV dosing)","pk.calc.auciv","The calculated with back-extrapolation for intravenous dosing using extrapolated C0",FALSE,"auc","IV","Exposure","aucinf.pred, c0",FALSE,TRUE,TRUE,FALSE,FALSE
"aucivint.all","AUCIVINA","AUCint,all (IV dosing)","AUCIVINA: AUCint,all (IV dosing)","pk.calc.auciv","The AUCint,all calculated with back-extrapolation for intravenous dosing using extrapolated C0",FALSE,"auc","IV","Exposure","aucint.all, c0",FALSE,TRUE,TRUE,FALSE,FALSE
"aucivint.last","AUCIVILT","AUCint,last (IV dosing)","AUCIVILT: AUCint,last (IV dosing)","pk.calc.auciv","The AUCint,last calculated with back-extrapolation for intravenous dosing using extrapolated C0",FALSE,"auc","IV","Exposure","aucint.last, c0",FALSE,TRUE,TRUE,TRUE,FALSE
"aucivlast","AUCIVLST","AUClast (IV dosing)","AUCIVLST: AUClast (IV dosing)","pk.calc.auciv","The AUClast calculated with back-extrapolation for intravenous dosing using extrapolated C0",FALSE,"auc","IV","Exposure","auclast, c0",FALSE,TRUE,TRUE,TRUE,FALSE
"aucivpbextall","AUCIVPEA","AUCbext (based on AUCall)","AUCIVPEA: AUCbext (based on AUCall)","pk.calc.auciv_pbext","The back-extrapolation percent for intravenous dosing based on AUCall",FALSE,"%","IV","Exposure","aucall, aucivall",FALSE,TRUE,TRUE,FALSE,FALSE
"aucivpbextinf.obs","AUCIVPEI","AUCbext (based on AUCinf,obs)","AUCIVPEI: AUCbext (based on AUCinf,obs)","pk.calc.auciv_pbext","The back-extrapolation percent for intravenous dosing based on AUCinf,obs",FALSE,"%","IV","Exposure","aucinf.obs, aucivinf.obs",FALSE,TRUE,TRUE,FALSE,FALSE
"aucivpbextinf.pred","AUCIVPEP","AUCbext (based on AUCinf,pred)","AUCIVPEP: AUCbext (based on AUCinf,pred)","pk.calc.auciv_pbext","The back-extrapolation percent for intravenous dosing based on AUCinf,pred",FALSE,"%","IV","Exposure","aucinf.pred, aucivinf.pred",FALSE,TRUE,TRUE,FALSE,FALSE
"aucivpbextint.all","AUCIVPIA","AUCbext (based on AUCint,all)","AUCIVPIA: AUCbext (based on AUCint,all)","pk.calc.auciv_pbext","The back-extrapolation percent for intravenous dosing based on AUCint,all",FALSE,"%","IV","Exposure","aucint.all, aucivint.all",FALSE,TRUE,TRUE,FALSE,FALSE
"aucivpbextint.last","AUCIVPIL","AUCbext (based on AUCint,last)","AUCIVPIL: AUCbext (based on AUCint,last)","pk.calc.auciv_pbext","The back-extrapolation percent for intravenous dosing based on AUCint,last",FALSE,"%","IV","Exposure","aucint.last, aucivint.last",FALSE,TRUE,TRUE,TRUE,FALSE
"aucivpbextlast","AUCIVPLT","AUCbext (based on AUClast)","AUCIVPLT: AUCbext (based on AUClast)","pk.calc.auciv_pbext","The back-extrapolation percent for intravenous dosing based on AUClast",FALSE,"%","IV","Exposure","auclast, aucivlast",FALSE,TRUE,TRUE,TRUE,FALSE
"auclast","AUCLST","AUC to Last Nonzero Conc","AUCLST: AUC to Last Nonzero Conc","pk.calc.auc.last","The area under the concentration time curve from the beginning of the interval to the last concentration above the limit of quantification",TRUE,"auc","Standard","Exposure","",FALSE,TRUE,TRUE,TRUE,TRUE
"auclast.dn","AUCLSTD","AUC to Last Nonzero Conc Norm by Dose","AUCLSTD: AUC to Last Nonzero Conc Norm by Dose","pk.calc.dn","Dose normalized auclast",TRUE,"auc_dosenorm","Standard","Exposure","auclast",FALSE,TRUE,TRUE,TRUE,TRUE
"aucpext.obs","AUCPEO","AUC %Extrapolation Obs","AUCPEO: AUC %Extrapolation Obs","pk.calc.aucpext","Percent of the AUCinf that is extrapolated after Tlast calculated from the observed Clast",TRUE,"%","Standard","Exposure","auclast, aucinf.obs",FALSE,TRUE,TRUE,FALSE,TRUE
"aucpext.pred","AUCPEP","AUC %Extrapolation Pred","AUCPEP: AUC %Extrapolation Pred","pk.calc.aucpext","Percent of the AUCinf that is extrapolated after Tlast calculated from the predicted Clast",TRUE,"%","Standard","Exposure","auclast, aucinf.pred",FALSE,TRUE,TRUE,FALSE,TRUE
"aumcall","AUMCALL","AUMC All","AUMCALL: AUMC All","pk.calc.aumc.all","The area under the concentration time moment curve from the beginning of the interval to the last concentration above the limit of quantification plus the moment of the triangle from that last concentration to 0 at the first concentration below the limit of quantification",FALSE,"aumc","Standard","Exposure","",FALSE,TRUE,TRUE,FALSE,TRUE
"aumcall.dn","AUMCALLD","AUMC All (dose-normalized)","AUMCALLD: AUMC All (dose-normalized)","pk.calc.dn","Dose normalized aumcall",FALSE,"aumc_dosenorm","Standard","Exposure","aumcall",FALSE,TRUE,TRUE,FALSE,TRUE
"aumcinf.obs","AUMCIFO","AUMC Infinity Obs","AUMCIFO: AUMC Infinity Obs","pk.calc.aumc.inf.obs","The area under the concentration time moment curve from the beginning of the interval to infinity with extrapolation to infinity from the observed Clast",TRUE,"aumc","Standard","Exposure","lambda.z, clast.obs",FALSE,TRUE,TRUE,FALSE,TRUE
"aumcinf.obs.dn","AUMCIFOD","AUMCIFOD","AUMCIFOD: AUMCIFOD","pk.calc.dn","Dose normalized aumcinf.obs",TRUE,"aumc_dosenorm","Standard","Exposure","aumcinf.obs",FALSE,TRUE,TRUE,FALSE,TRUE
"aumcinf.pred","AUMCIFP","AUMC Infinity Pred","AUMCIFP: AUMC Infinity Pred","pk.calc.aumc.inf.pred","The area under the concentration time moment curve from the beginning of the interval to infinity with extrapolation to infinity from the predicted Clast",TRUE,"aumc","Standard","Exposure","lambda.z, clast.pred",FALSE,TRUE,TRUE,FALSE,TRUE
"aumcinf.pred.dn","AUMCIFPD","AUMC Infinity Pred Norm by Dose","AUMCIFPD: AUMC Infinity Pred Norm by Dose","pk.calc.dn","Dose normalized aumcinf.pred",TRUE,"aumc_dosenorm","Standard","Exposure","aumcinf.pred",FALSE,TRUE,TRUE,FALSE,TRUE
"aumclast","AUMCLST","AUMC to Last Nonzero Conc","AUMCLST: AUMC to Last Nonzero Conc","pk.calc.aumc.last","The area under the concentration time moment curve from the beginning of the interval to the last concentration above the limit of quantification",TRUE,"aumc","Standard","Exposure","",FALSE,TRUE,TRUE,TRUE,TRUE
"aumclast.dn","AUMCLSTD","AUMC to Last Nonzero Conc Norm by Dose","AUMCLSTD: AUMC to Last Nonzero Conc Norm by Dose","pk.calc.dn","Dose normalized aumclast",TRUE,"aumc_dosenorm","Standard","Exposure","aumclast",FALSE,TRUE,TRUE,TRUE,TRUE
"c0","C0","Initial Conc","C0: Initial Conc","pk.calc.c0","Initial concentration after an IV bolus",TRUE,"conc","Standard","Concentration","",FALSE,TRUE,TRUE,TRUE,FALSE
"cav","CAVG","Average Conc","CAVG: Average Conc","pk.calc.cav","The average concentration during an interval (calculated with AUClast)",TRUE,"conc","Standard","Concentration","auclast",TRUE,TRUE,FALSE,TRUE,TRUE
"cav.dn","CAVGD","Average Conc Norm by Dose","CAVGD: Average Conc Norm by Dose","pk.calc.dn","Dose normalized cav",TRUE,"conc_dosenorm","Standard","Concentration","cav",TRUE,TRUE,FALSE,TRUE,TRUE
"cav.int.all","CAVGINA","Cavg All","CAVGINA: Cavg All","pk.calc.cav","The average concentration during an interval (calculated with AUCint.all)",FALSE,"conc","Standard","Concentration","aucint.all",TRUE,TRUE,FALSE,TRUE,TRUE
"cav.int.inf.obs","CAVGINO","Cavg Infinity Obs","CAVGINO: Cavg Infinity Obs","pk.calc.cav","The average concentration during an interval (calculated with AUCint.inf.obs)",FALSE,"conc","Standard","Concentration","aucint.inf.obs",TRUE,TRUE,FALSE,FALSE,TRUE
"cav.int.inf.pred","CAVGINP","Cavg Infinity Pred","CAVGINP: Cavg Infinity Pred","pk.calc.cav","The average concentration during an interval (calculated with AUCint.inf.pred)",FALSE,"conc","Standard","Concentration","aucint.inf.pred",TRUE,TRUE,FALSE,FALSE,TRUE
"cav.int.last","CAVGINT","Average Conc from T1 to T2","CAVGINT: Average Conc from T1 to T2","pk.calc.cav","The average concentration during an interval (calculated with AUCint.last)",TRUE,"conc","Standard","Concentration","aucint.last",TRUE,TRUE,TRUE,TRUE,TRUE
"ceoi","CEOI","Ceoi","CEOI: Ceoi","pk.calc.ceoi","Concentration at the end of infusion",FALSE,"conc","IV","Concentration","",FALSE,TRUE,TRUE,TRUE,FALSE
"cl.all","CLALL","CL (based on AUCall)","CLALL: CL (based on AUCall)","pk.calc.cl","Clearance or observed oral clearance calculated with AUCall",FALSE,"clearance","Standard","Clearance","aucall",FALSE,TRUE,TRUE,FALSE,TRUE
"cl.last","CLLST","CL (based on AUClast)","CLLST: CL (based on AUClast)","pk.calc.cl","Clearance or observed oral clearance calculated to Clast",FALSE,"clearance","Standard","Clearance","auclast",FALSE,TRUE,TRUE,FALSE,TRUE
"cl.obs","CLO","Total CL Obs","CLO: Total CL Obs","pk.calc.cl","Clearance or observed oral clearance calculated with observed Clast",TRUE,"clearance","Standard","Clearance","aucinf.obs",FALSE,TRUE,TRUE,FALSE,TRUE
"cl.pred","CLP","Total CL Pred","CLP: Total CL Pred","pk.calc.cl","Clearance or observed oral clearance calculated with predicted Clast",TRUE,"clearance","Standard","Clearance","aucinf.pred",FALSE,TRUE,TRUE,FALSE,TRUE
"clast.obs","CLST","Last Nonzero Conc","CLST: Last Nonzero Conc","pk.calc.clast.obs","The last concentration observed above the limit of quantification",TRUE,"conc","Standard","Clearance","",TRUE,TRUE,TRUE,TRUE,TRUE
"clast.obs.dn","CLSTD","Last Nonzero Conc Norm by Dose","CLSTD: Last Nonzero Conc Norm by Dose","pk.calc.dn","Dose normalized clast.obs",TRUE,"conc_dosenorm","Standard","Clearance","clast.obs",TRUE,TRUE,TRUE,TRUE,TRUE
"clast.pred","CLSTP","Clast pred","CLSTP: Clast pred","","The concentration at Tlast as predicted by the half-life",FALSE,"conc","Standard","Clearance","half.life",TRUE,TRUE,TRUE,TRUE,TRUE
"clast.pred.dn","CLSTPD","Clast pred (dose-normalized)","CLSTPD: Clast pred (dose-normalized)","pk.calc.dn","Dose normalized clast.pred",FALSE,"conc_dosenorm","Standard","Clearance","clast.pred",TRUE,TRUE,TRUE,TRUE,TRUE
"clr.last","RENALCL","Renal CL","RENALCL: Renal CL","pk.calc.clr","The renal clearance calculated using AUClast",TRUE,"renal_clearance","Urine","Clearance","",TRUE,FALSE,TRUE,TRUE,TRUE
"clr.obs","RENALCLO","Renal clearance (from AUCinf,obs)","RENALCLO: Renal clearance (from AUCinf,obs)","pk.calc.clr","The renal clearance calculated using AUCinf,obs",FALSE,"renal_clearance","Urine","Clearance","",TRUE,FALSE,TRUE,FALSE,TRUE
"clr.pred","RENALCLP","Renal clearance (from AUCinf,pred)","RENALCLP: Renal clearance (from AUCinf,pred)","pk.calc.clr","The renal clearance calculated using AUCinf,pred",FALSE,"renal_clearance","Urine","Clearance","",TRUE,FALSE,TRUE,FALSE,TRUE
"cmax","CMAX","Max Conc","CMAX: Max Conc","pk.calc.cmax","Maximum observed concentration",TRUE,"conc","Standard","Concentration","",TRUE,TRUE,TRUE,TRUE,TRUE
"cmax.dn","CMAXD","Max Conc Norm by Dose","CMAXD: Max Conc Norm by Dose","pk.calc.dn","Dose normalized cmax",TRUE,"conc_dosenorm","Standard","Concentration","cmax",TRUE,TRUE,TRUE,TRUE,TRUE
"cmin","CMIN","Min Conc","CMIN: Min Conc","pk.calc.cmin","Minimum observed concentration",TRUE,"conc","Standard","Concentration","",TRUE,TRUE,TRUE,TRUE,TRUE
"cmin.dn","CMIND","Min Conc Norm by Dose","CMIND: Min Conc Norm by Dose","pk.calc.dn","Dose normalized cmin",TRUE,"conc_dosenorm","Standard","Concentration","cmin",TRUE,TRUE,TRUE,TRUE,TRUE
"count_conc","CNTCONC","Concentration count","CNTCONC: Concentration count","pk.calc.count_conc","Number of non-missing concentrations for a subject",FALSE,"count","Standard","Concentration","",TRUE,TRUE,TRUE,TRUE,TRUE
"cstart","CSTART","Cstart","CSTART: Cstart","pk.calc.cstart","The predose concentration",FALSE,"conc","Standard","Concentration","",TRUE,TRUE,TRUE,TRUE,TRUE
"ctrough","CTROUGH","Conc Trough","CTROUGH: Conc Trough","pk.calc.ctrough","The trough (end of interval) concentration",TRUE,"conc","Standard","Concentration","",TRUE,TRUE,FALSE,TRUE,TRUE
"ctrough.dn","CTROUGHD","Conc Trough by Dose","CTROUGHD: Conc Trough by Dose","pk.calc.dn","Dose normalized ctrough",TRUE,"conc_dosenorm","Standard","Concentration","ctrough",TRUE,TRUE,TRUE,TRUE,TRUE
"deg.fluc","DEGFLUC","Degree of fluctuation","DEGFLUC: Degree of fluctuation","pk.calc.deg.fluc","Degree of fluctuation",FALSE,"%","Standard","Dynamics","cmax, cmin, cav",FALSE,TRUE,FALSE,TRUE,TRUE
"f","FAB","Absolute Bioavailability","FAB: Absolute Bioavailability","pk.calc.f","Bioavailability",TRUE,"fraction","PKNCA-not-covered","Dynamics","",FALSE,TRUE,TRUE,TRUE,TRUE
"frel","FREL","Relative Bioavailability","FREL: Relative Bioavailability","","relative bioavailability",TRUE,"fraction","PKNCA-not-covered","Dynamics","",FALSE,TRUE,TRUE,TRUE,TRUE
"fe","FREXINT","Fract Excr from T1 to T2","FREXINT: Fract Excr from T1 to T2","pk.calc.fe","The fraction of the dose excreted",TRUE,"fraction","Urine","Dynamics","",TRUE,FALSE,TRUE,TRUE,TRUE
"half.life","LAMZHL","Half-Life Lambda z","LAMZHL: Half-Life Lambda z","pk.calc.half.life","The (terminal) half-life",TRUE,"time","Standard","Half-life","tmax, tlast",TRUE,TRUE,TRUE,TRUE,TRUE
"kel.iv.last","KELIVLT","Kel (for IV dosing, based on AUClast)","KELIVLT: Kel (for IV dosing, based on AUClast)","pk.calc.kel","Elimination rate (as calculated from the intravenous MRTlast)",FALSE,"inverse_time","IV","Elimination","mrt.iv.last",FALSE,TRUE,TRUE,FALSE,FALSE
"kel.iv.obs","KELIVOS","Kel (for IV dosing, based on AUCinf,obs)","KELIVOS: Kel (for IV dosing, based on AUCinf,obs)","pk.calc.kel","Elimination rate (as calculated from the intravenous MRTobs)",FALSE,"inverse_time","IV","Elimination","mrt.iv.obs",FALSE,TRUE,TRUE,FALSE,FALSE
"kel.iv.pred","KELIVP","Kel (for IV dosing, based on AUCinf,pred)","KELIVP: Kel (for IV dosing, based on AUCinf,pred)","pk.calc.kel","Elimination rate (as calculated from the intravenous MRTpred)",FALSE,"inverse_time","IV","Elimination","mrt.iv.pred",FALSE,TRUE,TRUE,FALSE,FALSE
"kel.last","KELLST","Kel (based on AUClast)","KELLST: Kel (based on AUClast)","pk.calc.kel","Elimination rate (as calculated from the MRT using AUClast)",FALSE,"inverse_time","Standard","Elimination","mrt.last",FALSE,TRUE,TRUE,FALSE,TRUE
"kel.obs","KELOS","Kel (based on AUCinf,obs)","KELOS: Kel (based on AUCinf,obs)","pk.calc.kel","Elimination rate (as calculated from the MRT with observed Clast)",FALSE,"inverse_time","Standard","Elimination","mrt.obs",FALSE,TRUE,TRUE,FALSE,TRUE
"kel.pred","KELP","Kel (based on AUCinf,pred)","KELP: Kel (based on AUCinf,pred)","pk.calc.kel","Elimination rate (as calculated from the MRT with predicted Clast)",FALSE,"inverse_time","Standard","Elimination","mrt.pred",FALSE,TRUE,TRUE,FALSE,TRUE
"lambda.z","LAMZ","Lambda z","LAMZ: Lambda z","","The elimination rate of the terminal half-life",TRUE,"inverse_time","Standard","Half-life","half.life",TRUE,TRUE,TRUE,TRUE,TRUE
"lambda.z.n.points","LAMZNPT","Number of Points for Lambda z","LAMZNPT: Number of Points for Lambda z","","The number of points used for the calculation of half-life",TRUE,"count","Standard","Half-life","half.life",TRUE,TRUE,TRUE,TRUE,TRUE
"lambda.z.time.first","LAMZLL","Lambda z Lower Limit","LAMZLL: Lambda z Lower Limit","","The last time point used for the calculation of half-life",TRUE,"time","Standard","Half-life","half.life",TRUE,TRUE,TRUE,TRUE,TRUE
"lambda.z.time.last","LAMZUL","Lambda z Upper Limit","LAMZUL: Lambda z Upper Limit","","The first time point used for the calculation of half-life",TRUE,"time","Standard","Half-life","half.life",TRUE,TRUE,TRUE,TRUE,TRUE
"mrt.iv.last","MRTIBLST","MRT Intravasc to Last Nonzero Conc","MRTIBLST: MRT Intravasc to Last Nonzero Conc","pk.calc.mrt.iv","The mean residence time to the last observed concentration above the LOQ correcting for dosing duration",TRUE,"time","IV","Elimination","auclast, aumclast",FALSE,TRUE,TRUE,FALSE,FALSE
"mrt.iv.obs","MRTIBIFO","MRT Intravasc Infinity Obs","MRTIBIFO: MRT Intravasc Infinity Obs","pk.calc.mrt.iv","The mean residence time to infinity using observed Clast correcting for dosing duration",TRUE,"time","IV","Elimination","aucinf.obs, aumcinf.obs",FALSE,TRUE,TRUE,FALSE,FALSE
"mrt.iv.pred","MRTIBIFP","MRT Intravasc Infinity Pred","MRTIVIFP: MRT Intravasc Infinity Pred","pk.calc.mrt.iv","The mean residence time to infinity using predicted Clast correcting for dosing duration",TRUE,"time","IV","Elimination","aucinf.pred, aumcinf.pred",FALSE,TRUE,TRUE,FALSE,FALSE
"mrt.last","MRTLST","MRT to Last Nonzero Conc","MRTLST: MRT to Last Nonzero Conc","pk.calc.mrt","The mean residence time to the last observed concentration above the LOQ",TRUE,"time","Standard","Elimination","auclast, aumclast",FALSE,TRUE,TRUE,FALSE,TRUE
"mrt.md.obs","MRTMDO","MRT (for multiple dosing, based on AUCinf,pred)","MRTMDO: MRT (for multiple dosing, based on AUCinf,pred)","pk.calc.mrt.md","The mean residence time with multiple dosing and nonlinear kinetics using observed Clast",FALSE,"time","Standard","Elimination","auclast, aumclast, aucinf.obs",FALSE,TRUE,FALSE,FALSE,TRUE
"mrt.md.pred","MRTMDP","MRT (based on AUCinf,obs)","MRTMDP: MRT (based on AUCinf,obs)","pk.calc.mrt.md","The mean residence time with multiple dosing and nonlinear kinetics using predicted Clast",FALSE,"time","Standard","Elimination","auclast, aumclast, aucinf.pred",FALSE,TRUE,FALSE,FALSE,TRUE
"mrt.obs","MRTIFO","MRT Infinity Obs","MRTIFO: MRT Infinity Obs","pk.calc.mrt","The mean residence time to infinity using observed Clast",TRUE,"time","Standard","Elimination","aucinf.obs, aumcinf.obs",FALSE,TRUE,TRUE,FALSE,TRUE
"mrt.pred","MRTIFP","MRT Infinity Pred","MRTIFP: MRT Infinity Pred","pk.calc.mrt","The mean residence time to infinity using predicted Clast",TRUE,"time","Standard","Elimination","aucinf.pred, aumcinf.pred",FALSE,TRUE,TRUE,FALSE,TRUE
"ptr","PTROUGHR","Peak Trough Ratio","PTROUGHR: Peak Trough Ratio","pk.calc.ptr","Peak-to-Trough ratio (fraction)",TRUE,"fraction","Standard","Elimination","cmax, ctrough",FALSE,TRUE,FALSE,TRUE,TRUE
"r.squared","R2","R Squared","R2: R Squared","","The r^2 value of the half-life calculation",TRUE,"unitless","Standard","Half-life","half.life",TRUE,TRUE,TRUE,TRUE,TRUE
"span.ratio","LAMZSPN","Lambda z Span","LAMZSPN: Lambda z Span","","The ratio of the half-life to the duration used for half-life calculation",TRUE,"fraction","Standard","Half-life","half.life",TRUE,TRUE,TRUE,TRUE,TRUE
"sparse_auc_df","SPARSEAD","Sparse AUClast degrees of freedom","SPARSEAD: Sparse AUClast degrees of freedom","","For sparse PK sampling, the standard error degrees of freedom of the area under the concentration time curve from the beginning of the interval to the last concentration above the limit of quantification",FALSE,"count","Sparse","Exposure","sparse_auclast",FALSE,TRUE,TRUE,TRUE,TRUE
"sparse_auc_se","SPARSEAS","Sparse AUClast standard error","SPARSEAS: Sparse AUClast standard error","","For sparse PK sampling, the standard error of the area under the concentration time curve from the beginning of the interval to the last concentration above the limit of quantification",FALSE,"auc","Sparse","Exposure","sparse_auclast",FALSE,TRUE,TRUE,TRUE,TRUE
"sparse_auclast","SPARSEAL","Sparse AUClast","SPARSEAL: Sparse AUClast","pk.calc.sparse_auclast","For sparse PK sampling, the area under the concentration time curve from the beginning of the interval to the last concentration above the limit of quantification",FALSE,"auc","Sparse","Exposure","",FALSE,TRUE,TRUE,TRUE,TRUE
"swing","SWING","Swing","SWING: Swing","pk.calc.swing","Swing relative to Cmin",TRUE,"%","Standard","Concentration","cmax, cmin",FALSE,TRUE,FALSE,TRUE,TRUE
"tfirst","TFIRST","Time of the first concentration above the limit of quantification","TFIRST: Time of the first concentration above the limit of quantification","pk.calc.tfirst","Time of the first concentration above the limit of quantification",FALSE,"time","Standard","Time","",TRUE,TRUE,TRUE,TRUE,TRUE
"thalf.eff.iv.last","EFFIVLHL","Effective half-life (for IV dosing, based on MRTlast)","EFFIVLHL: Effective half-life (for IV dosing, based on MRTlast)","pk.calc.thalf.eff","The effective half-life (as determined from the intravenous MRTlast)",FALSE,"time","IV","Half-life","mrt.iv.last",FALSE,TRUE,TRUE,TRUE,FALSE
"thalf.eff.iv.obs","EFFIVOHL","Effective half-life (for IV dosing, based on MRT,obs)","EFFIVOHL: Effective half-life (for IV dosing, based on MRT,obs)","pk.calc.thalf.eff","The effective half-life (as determined from the intravenous MRTobs)",FALSE,"time","IV","Half-life","mrt.iv.obs",FALSE,TRUE,TRUE,TRUE,FALSE
"thalf.eff.iv.pred","EFFIVPHL","Effective half-life (for IV dosing, based on MRT,pred)","EFFIVPHL: Effective half-life (for IV dosing, based on MRT,pred)","pk.calc.thalf.eff","The effective half-life (as determined from the intravenous MRTpred)",FALSE,"time","IV","Half-life","mrt.iv.pred",FALSE,TRUE,TRUE,TRUE,FALSE
"thalf.eff.last","EFFHL","Effective half-life (based on MRT,last)","EFFHL: Effective half-life (based on MRT,last)","pk.calc.thalf.eff","The effective half-life (as determined from the MRTlast)",TRUE,"time","Standard","Half-life","mrt.last",FALSE,TRUE,TRUE,TRUE,TRUE
"thalf.eff.obs","EFFOHL","Effective half-life (based on MRT,obs)","EFFOHL: Effective half-life (based on MRT,obs)","pk.calc.thalf.eff","The effective half-life (as determined from the MRTobs)",FALSE,"time","Standard","Half-life","mrt.obs",FALSE,TRUE,TRUE,TRUE,TRUE
"thalf.eff.pred","EFFPHL","Effective half-life (based on MRT,pred)","EFFPHL: Effective half-life (based on MRT,pred)","pk.calc.thalf.eff","The effective half-life (as determined from the MRTpred)",FALSE,"time","Standard","Time","mrt.pred",FALSE,TRUE,TRUE,TRUE,TRUE
"time_above","TAT","Time Above Threshold","TAT: Time Above Threshold","pk.calc.time_above","Time above a given concentration",TRUE,"time","Standard","Time","",TRUE,TRUE,TRUE,TRUE,TRUE
"tlag","TLAG","Time Until First Nonzero Conc","TLAG: Time Until First Nonzero Conc","pk.calc.tlag","Lag time",TRUE,"time","Standard","Time","",TRUE,TRUE,TRUE,TRUE,TRUE
"tlast","TLST","Time of Last Nonzero Conc","TLST: Time of Last Nonzero Conc","pk.calc.tlast","Time of the last concentration observed above the limit of quantification",TRUE,"time","Standard","Time","",TRUE,TRUE,TRUE,TRUE,TRUE
"tmax","TMAX","Time of CMAX","TMAX: Time of CMAX","pk.calc.tmax","Time of the maximum observed concentration",TRUE,"time","Standard","Time","",TRUE,TRUE,TRUE,TRUE,TRUE
"totdose","TDOSE","Total dose administered","TDOSE: Total dose administered","pk.calc.totdose","Total dose administered during an interval",FALSE,"dose","IV","Volume-Distribution","",FALSE,TRUE,FALSE,TRUE,FALSE
"volpk","VOLPK","Sum of Urine Vol","VOLPK: Sum of Urine Vol","pk.calc.volpk","The sum of urine volumes for the interval",TRUE,"volume","Urine","Excretion","",TRUE,FALSE,FALSE,FALSE,FALSE
"vss.iv.last","VSSIVLST","Vss (for IV dosing, based on AUClast)","VSSIVLST: Vss (for IV dosing, based on AUClast)","pk.calc.vss","The steady-state volume of distribution with intravenous infusion calculating through Tlast",FALSE,"volume","IV","Volume-Distribution","cl.last, mrt.iv.last",FALSE,TRUE,FALSE,TRUE,FALSE
"vss.iv.obs","VSSIVO","Vss (for IV dosing, based on AUCinf,obs)","VSSIVO: Vss (for IV dosing, based on AUCinf,obs)","pk.calc.vss","The steady-state volume of distribution with intravenous infusion using observed Clast",FALSE,"volume","IV","Volume-Distribution","cl.obs, mrt.iv.obs",FALSE,TRUE,FALSE,TRUE,FALSE
"vss.iv.pred","VSSIVP","Vss (for IV dosing, based on AUCinf,pred)","VSSIVP: Vss (for IV dosing, based on AUCinf,pred)","pk.calc.vss","The steady-state volume of distribution with intravenous infusion using predicted Clast",FALSE,"volume","Standard","Volume-Distribution","cl.pred, mrt.iv.pred",FALSE,TRUE,FALSE,TRUE,FALSE
"vss.last","VSSLST","Vss (based on AUClast)","VSSLST: Vss (based on AUClast)","pk.calc.vss","The steady-state volume of distribution calculating through Tlast",FALSE,"volume","Standard","Volume-Distribution","cl.last, mrt.last",FALSE,TRUE,FALSE,TRUE,TRUE
"vss.md.obs","VSSMDO","Vss (for multiple-dose, based on Clast,obs)","VSSMDO: Vss (for multiple-dose, based on Clast,obs)","pk.calc.vss","The steady-state volume of distribution for nonlinear multiple-dose data using observed Clast",FALSE,"volume","Standard","Volume-Distribution","cl.last, mrt.md.obs",FALSE,TRUE,FALSE,TRUE,TRUE
"vss.md.pred","VSSMDP","Vss (for multiple-dose, based on Clast,pred)","VSSMDP: Vss (for multiple-dose, based on Clast,pred)","pk.calc.vss","The steady-state volume of distribution for nonlinear multiple-dose data using predicted Clast",FALSE,"volume","Standard","Volume-Distribution","cl.last, mrt.md.pred",FALSE,TRUE,FALSE,TRUE,TRUE
"vss.obs","VSSO","Vol Dist Steady State Obs","VSSO: Vol Dist Steady State Obs","pk.calc.vss","The steady-state volume of distribution using observed Clast",TRUE,"volume","Standard","Volume-Distribution","cl.obs, mrt.obs",FALSE,TRUE,FALSE,TRUE,TRUE
"vss.pred","VSSP","Vol Dist Steady State Pred","VSSP: Vol Dist Steady State Pred","pk.calc.vss","The steady-state volume of distribution using predicted Clast",TRUE,"volume","Standard","Volume-Distribution","cl.pred, mrt.pred",FALSE,TRUE,FALSE,TRUE,TRUE
"vz.obs","VZO","Vz Obs","VZO: Vz Obs","pk.calc.vz","The terminal volume of distribution using observed Clast",TRUE,"volume","Standard","Volume-Distribution","cl.obs, lambda.z",FALSE,TRUE,TRUE,FALSE,TRUE
"vz.pred","VZP","Vz Pred","VZP: Vz Pred","pk.calc.vz","The terminal volume of distribution using predicted Clast",TRUE,"volume","Standard","Volume-Distribution","cl.pred, lambda.z",FALSE,TRUE,TRUE,FALSE,TRUE
"f_auclast","FABS_LST","Absolute Bioavailability (AUCLST)","FABS_LST: Fraction Absorbed AUCLST","pknca_calculate_f","Fraction absorbed or Absolute bioavailability calculated with AUC last",FALSE,"unitless","PKNCA-not-covered","Absorption","auclast",NA,NA,NA,NA,NA
"f_aucinf.obs","FABS_IFO","Absolute Bioavailability (AUCIFO)","FABS_IFO: Fraction Absorbed AUCIFO","pknca_calculate_f","Fraction absorbed or Absolute bioavailability calculated with AUC infinity observed",FALSE,"unitless","PKNCA-not-covered","Absorption","aucinf.obs",NA,NA,NA,NA,NA
"f_aucinf.pred","FABS_IFP","Absolute Bioavailability (AUCIFP)","FABS_IFP: Fraction Absorbed AUCIFP","pknca_calculate_f","Fraction absorbed or Absolute bioavailability calculated with AUC infinity predicted",FALSE,"unitless","PKNCA-not-covered","Absorption","aucinf.pred",NA,NA,NA,NA,NA
"ARAUCIFO","ARAUCIFO","Accumulation Ratio AUC Infinity Obs","ARAUCIFO: Accumulation Ratio AUC Infinity Obs","calculate_ratios","Accumulation ratio for AUCinf.obs",TRUE,"ratio","PKNCA-not-covered","Ratio","aucinf.obs",NA,NA,NA,NA,NA
"ARCMAX","ARCMAX","Accumulation Ratio Cmax","ARCMAX: Accumulation Ratio Cmax","calculate_ratios","Accumulation ratio for Cmax",TRUE,"ratio","PKNCA-not-covered","Ratio","cmax",NA,NA,NA,NA,NA
"ARCMAXD","ARCMAXD","Accum Ratio Cmax norm by dose","ARCMAXD: Accum Ratio Cmax norm by dose","calculate_ratios","Accumulation ratio for Cmax normalized by dose",TRUE,"ratio","PKNCA-not-covered","Ratio","cmax.dn",NA,NA,NA,NA,NA
"RAAUC","RAAUC","Ratio AUC","RAAUC: Ratio AUC","calculate_ratios","Ratio of AUC",TRUE,"ratio","PKNCA-not-covered","Ratio","auc",NA,NA,NA,NA,NA
"RACMAX","RACMAX","Ratio CMAX","RACMAX: Ratio CMAX","calculate_ratios","Ratio of Cmax",TRUE,"ratio","PKNCA-not-covered","Ratio","cmax",NA,NA,NA,NA,NA
"RACMAXD","RACMAXD","Ratio Max Conc Norm by Dose","RACMAXD: Ratio Max Conc Norm by Dose","calculate_ratios","Ratio of Cmax normalized by dose",FALSE,"ratio","PKNCA-not-covered","Ratio","cmax.dn",NA,NA,NA,NA,NA
"MRAUCTAU","MRAUCTAU","Metabolite Ratio for AUC Dosing Interval","MRAUCTAU: Metabolite Ratio for AUC Dosing Interval","calculate_ratios","Metabolite ratio for AUCTAU",FALSE,"ratio","PKNCA-not-covered","Ratio","auctau",NA,NA,NA,NA,NA
"MRCMAX","MRCMAX","Metabolite Ratio for Max Conc","MRCMAX: Metabolite Ratio for Max Conc","calculate_ratios","Metabolite ratio for Cmax",FALSE,"ratio","PKNCA-not-covered","Ratio","cmax",NA,NA,NA,NA,NA
"MRCMAXD","MRCMAXD","Metabolite Ratio for Max Conc Norm by Dose","MRCMAX: Metabolite Ratio for Max Conc Norm by Dose","calculate_ratios","Metabolite ratio for Cmax Norm by dose",FALSE,"ratio","PKNCA-not-covered","Ratio","cmax.dn",NA,NA,NA,NA,NA
"MRAUCLST","MRAUCLST","Metabolite Ratio for AUClast","MRAUCLST: Metabolite ratio for AUClast","calculate_ratios","Metabolite ratio for AUClast",FALSE,"unitless","PKNCA-not-covered","Ratio","auclast",NA,NA,NA,NA,NA
"ARAAUCLST","ARAAUCLST","Accumulation Ratio AUClast","ARAAUCLST: Accumulation ratio for AUClast","calculate_ratios","Accumulation ratio for AUClast",FALSE,"unitless","PKNCA-not-covered","Ratio","auclast",NA,NA,NA,NA,NA
"RAAUCLST","RAAUCLST","Ratio AUClast","RAAUCLST: Ratio of AUClast","calculate_ratios","Ratio of AUClast",FALSE,"unitless","PKNCA-not-covered","Ratio","auclast",NA,NA,NA,NA,NA
"RAAUCIFO","RAAUCIFO","Ratio AUCinf.obs","RAAUCIFO: Ratio of AUCinf.obs","calculate_ratios","Ratio of AUCinf.obs",FALSE,"unitless","PKNCA-not-covered","Ratio","aucinf.obs",NA,NA,NA,NA,NA
"MRAUCIFO","MRAUCIFO","Metabolite Ratio for AUCinf.obs","MRAUCIFO: Metabolite Ratio for AUCinf.obs","calculate_ratios","Metabolite Ratio for AUCinf.obs",FALSE,"unitless","PKNCA-not-covered","Ratio","aucinf.obs",NA,NA,NA,NA,NA
"ARAUCIFO","ARAUCIFO","Accumulation Ratio AUCinf.obs","ARAUCIFO: Accumulation Ratio for AUCinf.obs","calculate_ratios","Accumulation Ratio for AUCinf.obs",FALSE,"unitless","PKNCA-not-covered","Ratio","aucinf.obs",NA,NA,NA,NA,NA
